,conference_year,category,title,author,abstract,download_url,keywords
0,1982,Vision,The Role of Eye Position Information in Algorithms for Stereoscopic Matching,K. Prazdny,The viewing system parameters probably have to be explicitly taken into consideration in formulating computational solutions to the stereoscopic matching problem in binocular vision. An algorithm for computing the directions of gaze from purely visual information without a prior solution to the correspondence problem is outlined. It would seem that the availability of such (or similar) algorithm is a precondition for any stereo matching process using the epipolar constraint.,https://aaai.org/Library/AAAI/1982/../../../Papers/AAAI/1982/AAAI82-001.pdf,
1,1982,Vision,Representing Smooth Plane Curves for Recognition: Implications for Figure-Ground Reversal,"D. D. Hoffman, W. A. Richards","A representation of smooth plane curves for recognition is proposed. The basic representation is a linked list of four primitive shapes, called ""codons,"" which are invariant under rotations, translations and uniform scaling. Psychophysical observations regarding the perception of figure- ground reversals are presented to suggest that a similar representation could be used by the human visual system.",https://aaai.org/Library/AAAI/1982/../../../Papers/AAAI/1982/AAAI82-002.pdf,
2,1982,Vision,Why Perspective Is Difficult: How Two Algorithms Fail,John R. Kender,"Attempting to derive image algorithms solely under orthographic projection is deceptively easy. However, orthographic algorithms often fail when applied to the perspective case. More critically, since many things simplify under orthography, such algorithms often give no evidence for their proper extension. This paper gives two such examples, showing both the problems that arise for them under perspective, and the surprising extensions that they require.",https://aaai.org/Library/AAAI/1982/../../../Papers/AAAI/1982/AAAI82-003.pdf,
3,1982,Vision,Tracking Known Three-Dimensional Objects,Donald B. Gennery,"A method of visually tracking a known three-dimensional object is described. Predicted object position and orientation extrapolated from previous tracking data are used to find known features in one or more pictures. The measured image positions of the features are used to adjust the estimates of object position, orientation, velocity, and angular velocity in three dimensions. Filtering over time is included as an integral part of the adjustment, so that the filtering both smooths as appropriate to the measurements and allows stereo depth information to be obtained from multiple cameras taking pictures of a moving object at different times.",https://aaai.org/Library/AAAI/1982/../../../Papers/AAAI/1982/AAAI82-004.pdf,
4,1982,Vision,A Model Based Vision System for Recognition of Machine Parts,"Katsushi Ikeuchi, Yoshiaki Shirai",This paper describes a vision system based on the photometric stereo system and a model generator called GEOMAP. The photometric stereo system obtains a needle map from shading information of an observed image. An extended Gaussian image of the needle map reduces possible attitudes of an object relative to the viewer. A model-generator called GEOMAP generates a needle map which would be observed from the viewer direction determined from EGI. Comparing the needle map by the GEOMAP with the needle map by the photometric stereo system makes final recognition of the object.,https://aaai.org/Library/AAAI/1982/../../../Papers/AAAI/1982/AAAI82-005.pdf,
5,1982,Vision,Local Computation of Shape,Alex Paul Pentland,"Local, parallel analysis of shading in an image may be used to infer surface shape without o priori knowledge about the viewed scene. The following has been proven: Given a reason- able assumption about surface smoothness, local analysis of the second derivative of image intensity allows the image-plane com- ponent of surface orientation to be determined exactly, and a maximum-likelihood estimate of the remaining depth component of orientation to be made. An algorithm has been developed to compute surface orientation, in parallel, for each image point without knowledge of scene characteristics. This algorithm has been evaluated on both natural and synthesized images, and produces a good estimate of shape.",https://aaai.org/Library/AAAI/1982/../../../Papers/AAAI/1982/AAAI82-006.pdf,
6,1982,Vision,Edge Detection in Optical Flow Fields,"William B. Thompson, Kathleen M. Mutch, Valdis Berzins","Optical flow is potentially valuable as a source of spatial information. Current techniques provide flow fields which are noisy and sparse, making the recovery of spatial proper ties difficult at best. This paper describes a technique for locating discontinuities in optical flow, which typically correspond to object boundaries. A simple blurring interpolator is used to smooth out noise and produce denser fields. Discontinuities are found by locating the vector field equivalent of zero crossings in the Laplacian of a scalar field. The technique is illustrated by applying it to realistic vector fields which are both noisy and sparse.",https://aaai.org/Library/AAAI/1982/../../../Papers/AAAI/1982/AAAI82-007.pdf,
7,1982,Vision,Modeling and Using Physical Constraints in Scene Analysis,"M. A. Fischler, S. T. Barnard, R. C. Bolles, M. Lowry, L. Quam, G. Smith, A. Witkin","This paper describes the results obtained in a research program ultimately concerned with deriving a physical sketch of a scene from one or more images. Our approach involves modeling physically meaningful information that can be used to constrain the interpretation process, as well as modeling the actual scene content. In particular, we address the problems of modeling the imaging process (camera and illumination), the scene geometry (edge classification and surface reconstruction), and elements of scene content (material composition and skyline delineation).",https://aaai.org/Library/AAAI/1982/../../../Papers/AAAI/1982/AAAI82-008.pdf,
8,1982,Vision,Intensity-Based Edge Classification,Andrew P. Witkin,"A new intensity-based approach to the classification of edges was developed and implemented. Using basic continuity and independence properties of scenes and images, signatures were deduced for each of several edge types expressed in terms of correlational properties of the image intensities in the neighborhood of the edge. This procedure’s ability to discriminate occluding contours from cast shadow boundaries was demonstrated for cases where line junction cues are absent from the image.",https://aaai.org/Library/AAAI/1982/../../../Papers/AAAI/1982/AAAI82-009.pdf,
9,1982,Vision,Segmentation of Images Into Regions Using Edge Information,Gerard G. Medioni,"A method for segmentation aerial images using edge information to create regions of similar or smoothly varying intensity is discussed. Region segmentation using edges directly as input cannot be successful because boundaries are seldom perfectly closed. In the present method, we preprocess the edge image to close gaps and create a binary image from which we extract the connected regions. We compare the results obtained with this method and a traditional region-splitting method for 2 different views of an aerial scene.",https://aaai.org/Library/AAAI/1982/../../../Papers/AAAI/1982/AAAI82-010.pdf,
10,1982,Vision,A Corner Finding Algorithm for Image Analysis and Registration,"J.-Q. Fang, T. S. Huang","In our algorithm the gradient of 8 (the gradient direction) in a grey level image is employed for detecting candidates for corner points. Two theorems show that this quantity attains a local maximum at a corner point. Two approaches, median filtering and Hough transform are used effectively to distinguish corner points from noise points. The corner points formed by our algorithm are used in interframe matching.",https://aaai.org/Library/AAAI/1982/../../../Papers/AAAI/1982/AAAI82-011.pdf,
11,1982,Vision,A Systematic Approach to Continuous Graph Labeling With Application to Computer Vision,"M. D. Diamond, N. Narasimhamurthi, S. Ganapathy","The discrete and continuous graph labeling problem are discussed. A basis for the continuous graph labeling problem is presented, in which an explicit connection between the discrete and continuous problems is made. The need for this basis is argued by noting conditions which must be satisfied before solutions can be pursued in a formal manner. Several cooperative solution algo- rithms based on the proposed formulation and results of the application of these algorithms to the problem of extracting line drawings are presented.",https://aaai.org/Library/AAAI/1982/../../../Papers/AAAI/1982/AAAI82-012.pdf,
12,1982,Vision,Determining Surface Type From Surface Normals,"Paul Amaranth, William Jaynes","By exploiting the relationship which exists between the Gaussian image and gradient space, the two representations can be utilized in conjunction to facilitate the interpretation of a set of surface normals. The projection of the Gaussian image onto a plane can provide clear traces which quickly yield general knowledge of the underlying surface.",https://aaai.org/Library/AAAI/1982/../../../Papers/AAAI/1982/AAAI82-013.pdf,
13,1982,Natural Language and Speech,Planning Natural-Language Utterances,Douglas E. Appelt,This paper describes recent research on a natural-language-generation system that is based on planning. A system named KAMP is described that is capable of producing English sentences as part of a plan to enlist the cooperation of another agent in achieving a goal involving a change in the physical state of the world. The planner uses knowledge about the different subgoals to be achieved and linguistic rules about English to produce sentences that satisfy multiple goals through the realization multiple illocutionary acts.,https://aaai.org/Library/AAAI/1982/../../../Papers/AAAI/1982/AAAI82-014.pdf,
14,1982,Natural Language and Speech,Argument Molecules: A Functional Representation of Argument Structure,Lawrence Birnbaum,"Understanding an utterance in an argument crucially requires determining the evidential relations it bears to prior and subsequent propositions in the argument (Birnbaum et al., 1980; Cohen, 1981). The memory representation of an argument should, accordingly, indicate which propositions a given proposition counts as evidence for (a support relation) or against (an attack relation), and which propositions support or attack it in turn. The representation of an argument can thus be viewed as a network of propositions connected by support or attack relations (an argument graph). Although this sort of representation can be motivated simply by the need to represent the content of an argument, it seems natural to ask whether such argument graphs might further possess any useful structural properties, abstracted from the specific propositions they relate.",https://aaai.org/Library/AAAI/1982/../../../Papers/AAAI/1982/AAAI82-015.pdf,
15,1982,Natural Language and Speech,ARGOT: The Rochester Dialogue System,"James F. Allen, Alan M. Frisch, Diane J. Litman","We are engaged in a long-term research project that has the ultimate aim of describing a mechanism that can partake in an extended English dialogue on some reasonably well specified range of topics. This paper is a progress report on the project, called ARGOT. It outlines the system and describes recent results as well as work in progress.",https://aaai.org/Library/AAAI/1982/../../../Papers/AAAI/1982/AAAI82-016.pdf,
16,1982,Natural Language and Speech,Dividing Up the Question Answering Process,Marc Luria,"This paper describes a question answering program which divides question answering into two separate processes: answer formation and answer expression. Rather than gathering possible answers and choosing the best among them, the program accesses the database and finds all components of possible answers, e.g. a causal chain, and then passes this information to an expression program which formulates a proper answer.",https://aaai.org/Library/AAAI/1982/../../../Papers/AAAI/1982/AAAI82-017.pdf,
17,1982,Natural Language and Speech,Salience as a Simplifying Metaphor for Natural Language Generation,"David D. McDonald, E. Jeffery Conklin","We have developed a simple yet effective technique for planning the generation of natural language texts that describe photographs of natural scenes as processed by the UMass VISIONS system. The texts follow the ordering on the scene’s objects that is imposed by their visual salience -- an ordering which we believe is naturally computed as a by-product of visual processing, and thus is available -- for free -- as the basis for generating simple but effective texts without requiring the complex planning machinery often applied in generation. We suggest that it should be possible to find structural analogs to visual salience in other domains and to build comparably simple generation schemes based on them. We look briefly at how one such analogy might be drawn for the task of tutoring novice PASCAL programmers.",https://aaai.org/Library/AAAI/1982/../../../Papers/AAAI/1982/AAAI82-018.pdf,
18,1982,Natural Language and Speech,Conceptual Dependency and Montague Grammar: A Step Toward Conciliation,"Mark A. Jones, David S. Warren","In attempting to establish a common basis from which the approaches and results can be compared, we have taken a conciliatory attitude toward natural language research in the conceptual dependency (CD) paradigm and Montague Grammar (MG) formalism. Although these two approaches may seem to be strange bedfellows indeed with often noticeably different perspectives, we have observed many commonalities. We begin with a brief description of the problem view and ontology of each and then create a formulation of CD as logic. We then give ""conceptual"" MG translations for the words in an example sentence which we use in approximating a word-based parsing style. Finally, we make some suggestions regarding further extensions of logic to introduce higher level representations.",https://aaai.org/Library/AAAI/1982/../../../Papers/AAAI/1982/AAAI82-019.pdf,
19,1982,Natural Language and Speech,Event Shape Diagrams,D. L. Waltz,"""Event shape diagrams"" are proposed as a representation for capturing the nuances of meaning of verbs that describe similar events. These diagrams represent timing, causal relationships between case roles, and typical value ranges for role fillers. Event shape diagrams are expressed in terms of primitive predicates and timing information that we believe could be computed by perceptual systems, and are intended to be a step toward the eventual connection of language systems to perceptual (vision, hearing, and touch) sensing systems. The diagrams are capable of representing modification of verbs by adverbs, can support judgements of the degree of plausibility of various interpretations of a sentence’s meaning, and may be useful in figuring out the meaning of certain kinds of metaphors.",https://aaai.org/Library/AAAI/1982/../../../Papers/AAAI/1982/AAAI82-020.pdf,
20,1982,Natural Language and Speech,An Explanation for Minimal Attachment and Right Association,Robert W. Milne,This paper describes the principles of Right Association and Minimal Attachment and explains how the Sausage Machine and ATN decribe these principles. It is then shown that these two models cannot explain these principles. It is then shown that a production system grammar can both describe these principles as well as suggest why they must be true.,https://aaai.org/Library/AAAI/1982/../../../Papers/AAAI/1982/AAAI82-021.pdf,
21,1982,Natural Language and Speech,A Synthetic Approach to Temporal Information Processing,Mark D. Grover,"A representation and processing scheme for temporal (time-based) information is presented. Previous computer science approaches to temporal information processing are analyzed. Linguistic analysis of tense, aspect and temporal adverbials provide motivation for an automated general temporal understanding system. A synthetic approach is proposed, combining possible-worlds branching time theory with inertia futures, elements of Montague Grammar, a four-valued logic and the interval semantics time model. Key portions of the model are implemented and demonstrated in a PASCAL program.",https://aaai.org/Library/AAAI/1982/../../../Papers/AAAI/1982/AAAI82-022.pdf,
22,1982,Natural Language and Speech,Word Sense and Case Slot Disambiguation,"Graeme Hirst, Eugene Charniak","The tasks of disambiguating words and determining case are similar and can usefully be combined. We present two cooperating mechanisms that each work on both tasks: MARKER PASSING finds connections between concepts in a system of frames, and POLAROID WORDS provide a protocol for negotiation between ambiguous words and cases. Examples of each in action are given. The cooperating mechanisms allow Iinguistic and world knowledge to be unified, frequently eliminate the need to use inference in disambiguation, and provide a usefully constrained model of disambiguation.",https://aaai.org/Library/AAAI/1982/../../../Papers/AAAI/1982/AAAI82-023.pdf,
23,1982,Natural Language and Speech,Word Learning With Hierarchy-Guided Inference,David M. Keirsey,A technique for learning new words is discussed. The technique uses expectations generated by the context and an ISA hierarchy to guide the inference process. The learning process uses the context of several independent occurrences of the word to converge on its meaning.,https://aaai.org/Library/AAAI/1982/../../../Papers/AAAI/1982/AAAI82-024.pdf,
24,1982,Natural Language and Speech,Talking to UNIX in English: An Overview of UC,Robert Wilensky,UC (UNIX Consultant) is an intelligent natural language interface that allows naive users to communicate with the UNIX** operating system in ordinary English. UC is currently capable of handling simple dialogues...,https://aaai.org/Library/AAAI/1982/../../../Papers/AAAI/1982/AAAI82-025.pdf,
25,1982,Natural Language and Speech,An Expert System for Interpreting Speech Patterns,"Renato De Mori, Attilio Giordano, Lorenza Saitta, Pietro Laface",Efficient syllabic hypothesization in continuous speech has been so far an unsolved problem. A novel solution based on the extraction of acoustic cues is proposed in this paper. This extraction is performed by parallel processes implementing an expert system represented by a grammar of frames.,https://aaai.org/Library/AAAI/1982/../../../Papers/AAAI/1982/AAAI82-026.pdf,
26,1982,Problem Solving and Search,A Search Procedure for Perfect Information Games of Chance: Its Formulation and Analysis,Bruce W. Ballard,"An algorithm is developed for searching the trees of ""perfect information"" games involving chance events. Many dice games (e.g. backgammon, craps, and monopoly and similar board games), and some card games (e.g. casino blackjack), have this property. For depth 3 trees, empirical observation reveals a search reduction of more than 50 percent, while closed-form analysis reveals a best-case complexity of O(N**2). This represents a substantial savings over the O(N**3) behavior of the ""obvious"" search strategy.",https://aaai.org/Library/AAAI/1982/../../../Papers/AAAI/1982/AAAI82-027.pdf,
27,1982,Problem Solving and Search,Synchronization of Multi-Agent Plans,Jeffrey S. Rosenschein,"Consider an intelligent agent constructing a plan to be executed by several other agents; correct plan execution will often require that actions be taken in a specific sequence. Therefore, the planner cannot simply tell each agent what action to perform; explicit mechanisms must exist for maintaining the execution sequence. This paper outlines such mechanisms. A framework for multiple-agent planning is developed, consisting of several parts. First, a formalism is adopted for representing knowledge about other agents’ beliefs and goals, and is extended to allow representation of their capabilities. Communication primitives are defined that allow selective acceptance of goals and facts, and an explicit means of inducing an agent to perform an act is introduced. Finally, the ordering mechanisms (consisting of sequencing operators and a planning heuristic) arc presented, along with a specific example of their use.",https://aaai.org/Library/AAAI/1982/../../../Papers/AAAI/1982/AAAI82-028.pdf,
28,1982,Problem Solving and Search,A General Paradigm for AI Search Procedures,"Dana S. Nau, Vipin Kumar, Laveen Kanal",This paper summarizes work on a General Branch and Bound formulation which includes previous formulations as special cases and provides a unified approach to understanding most heuristic search procedures developed in A.I.,https://aaai.org/Library/AAAI/1982/../../../Papers/AAAI/1982/AAAI82-029.pdf,
29,1982,Problem Solving and Search,Evaluating Search Methods Analytically,"Paul W. Purdom, Jr., Cynthia A. Brown",A unified approach to analyzing search algorithms is presented. Each algorithm is characterized by the types of random problems that it can solve rapidly. The results are displayed in a way that clearly indicates the strengths and weaknesses of each algorithm.,https://aaai.org/Library/AAAI/1982/../../../Papers/AAAI/1982/AAAI82-030.pdf,
30,1982,Problem Solving and Search,Consistent-Labeling Problems and Their Algorithms,Bernard Nudel,"Two new classes of theories have been developed giving the expected complexities of three Consistent-Labeling Problem (CLP), or Constraint-Satisfaction, algorithms: Backtracking, Forward Checking and Word-wise Forward Checking. Apart from giving the exact expected complexity for these algorithms for the underlying CLP distribution and domain, these theories provide useful approximations for the complexity of solving essentially any individual CLP. Given this, and the fact that the theories can reflect changes in complexity due to changes in the ordering of variables used in the search, these theories have the potential to afford significant savings for any individual CLP, by predicting, prior to search, good orderings for use in solving that CLP. We are concurrently developing improved CLP algorithms based on this and similar ordering effects.",https://aaai.org/Library/AAAI/1982/../../../Papers/AAAI/1982/AAAI82-031.pdf,
31,1982,Problem Solving and Search,Reverend Bayes on Inference Engines: A Distributed Hierarchical Approach,Judea Pearl,"This paper presents generalizations of Bayes likelihood-ratio updating rule which facilitate an asynchronous propagation of the impacts of new beliefs and/or new evidence in hierarchically organized inference structures with multi-hypotheses variables. The computational scheme proposed specifies a set of belief parameters, communication messages and updating rules which guarantee that the diffusion of updated beliefs is accomplished in a single pass and complies with the tenets of Bayes calculus.",https://aaai.org/Library/AAAI/1982/../../../Papers/AAAI/1982/AAAI82-032.pdf,
32,1982,Problem Solving and Search,Diagnosis Based on Description of Structure and Function,"Randall Davis, Howard Shrobe, Walter Hamscher, Kären Wieckert, Mark Shirley, Steve Polit","While expert systems have traditionally been built using large collections of rules based on empirical associations, interest has grown recently in the use of systems that reason from representations of structure and function. Our work explores the use of such models in troubleshooting digital electronics. We describe our work to date on (i) a language for describing structure, (ii) a language for describing function, and (iii) a set of principles for troubleshooting that uses the two descriptions to guide its investigation. In discussing troubleshooting we show why the traditional approach --- test generation --- solves a different problem and we discuss a number of its practical shortcomings. We consider next the style of debugging known as violated expectations and demonstrate why it is a fundamental advance over traditional test generation. Further exploration of this approach, however, demonstrates that it is incapable of dealing with commonly known classes of faults. We explain the shortcoming as arising from the use of a fault model that is both implicit and inseparable from the basic troubleshooting methodology. We argue for the importance of fault models that are explicit, separated from the troubleshooting mechanism, and retractable in much the same sense that inferences are retracted in current systems.",https://aaai.org/Library/AAAI/1982/../../../Papers/AAAI/1982/AAAI82-033.pdf,
33,1982,Problem Solving and Search,Unifying Data-Directed and Goal-Directed Control: An Example and Experiments,"Daniel D. Corkill, Victor R. Lesser, Eva Hudlicka","Effective control in a multi-level cooperating knowledge source problem solver (such as Hearsay-II) requires the system to reason about the relationships among competing and cooperating knowledge source (KS) instantiations (both past and potential) that are working on different aspects and levels of the problem. Such reasoning is needed to assess the current state of problem solving and to develop plans for using the system’s limited processing resources to the best advantage. The relationships among KS instantations can be naturally represented when KS activity is viewed simultaneously from a data-directed and a goal-directed perspective. In this paper we show how data- and goal-directed control can be integrated into a single, uniform framework, and we present an example and experimental results of sophisticated focusing using this framework.",https://aaai.org/Library/AAAI/1982/../../../Papers/AAAI/1982/AAAI82-034.pdf,
34,1982,Problem Solving and Search,Knowledge Integration in Text Recognition,"Sargur N. Srihari, Jonathan J. Hull","The paper describes an algorithm based on AI techniques for recognizing words of printed or hand-written text--with the technique developed also applicable to correcting substitution spelling errors. The algorithm effectively integrates bottom-up information in the form of letter shapes, letter transitional probabilities and letter classification-error probabilities together with top-down knowledge in the form of a lexicon of legal words represented as a letter trie. Experimental results with the algorithm are reported for the combined top-down and bottom-up approach and for each of the two approaches individually.",https://aaai.org/Library/AAAI/1982/../../../Papers/AAAI/1982/AAAI82-035.pdf,
35,1982,Problem Solving and Search,Spatial and Temporal Reasoning in Geologic Map Interpretation,Reid G. Simmons,"In this paper, we describe a way of extending and combining several Al techniques to attack a class of problems exemplified by a problem known as geologic map interpretation. We use both a detailed and an abstract model of elementary geology, combined with both local and global reasoning techniques to achieve the system’s expertise. In particular, a new technique called imagining allows us to find global inconsistencies in our hypotheses by causally simulating a sequence of ""instructions."" Imagining makes use of both our detailed and abstract models of the world.",https://aaai.org/Library/AAAI/1982/../../../Papers/AAAI/1982/AAAI82-036.pdf,
36,1982,Problem Solving and Search,Job-Shop Scheduling: An Investigation in Constraint-Directed Reasoning,"Mark S. Fox, Brad Allen, Gary Strohm","This paper describes ISIS-II*, a constraint-directed reasoning system for the scheduling of factory job-shops. ISIS-II takes a heuristic search approach to generating schedules. The key features of ISIS-II’s approach is that it can re- present and use a variety of different types of constraints to guide the search, and is able to selectively relax conflicting constraints.",https://aaai.org/Library/AAAI/1982/../../../Papers/AAAI/1982/AAAI82-037.pdf,
37,1982,Problem Solving and Search,Heuretics: Theoretical and Experimental Study of Heuristic Rules,Douglas B. Lenat,"Builders of expert rule-based systems [Barr 81] [Feigenbaum 77] [Hayes-Roth et al. 82] attribute the impressive performance of their programs to the corpus of knowledge they embody: a large network of facts to provide breadth of scope, and a large array of informal judgmental rules (heuristics) which guide the system toward plausible paths to follow and away from implausible ones. Yet what is the nature of heuristics? What is the source of their power? How do thev interreIate; i.e., how can/should a large corpus of heuristic rules be organized? How do heuristics originate and evolve? ""Heuretics"" is the study of heuristics, with an eye toward answering questions such as those. Two case studies, the AM and EURISKO programs, have led to some tentative Heuretics hypotheses, a dozen of which are presented in this paper. Our aim is to stimulate future research in this field.",https://aaai.org/Library/AAAI/1982/../../../Papers/AAAI/1982/AAAI82-038.pdf,
38,1982,Problem Solving and Search,A Program That Learns to Solve Rubik’s Cube,Richard E. Korf,"This paper describes a program which learns efficient strategies for solving problems such as Rubik’s cube and the eight puzzle. It uses a new general problem solving method based on macro-operators. The strategies learned by the program are equal to or superior to strategies used by humans on these problems, in terms of number of moves required for solution.",https://aaai.org/Library/AAAI/1982/../../../Papers/AAAI/1982/AAAI82-039.pdf,
39,1982,Problem Solving and Search,Experiential Learning in Analogical Problem Solving,Jaime G. Carbonell,"A computational model of skill acquisition is analyzed based on extensions to an analogical problem solving method and previous Al work on concept acquisition. The present investigation focuses on exploiting and extending the analogical reasoning model to generate useful exemplary solutions to related problems from which more general plans can be induced and refined. Starting with a general analogical inference engine, problem solving experience is, in essence, compiled incrementally into effective procedures that solve various classes of problems in a more reliable and direct manner.",https://aaai.org/Library/AAAI/1982/../../../Papers/AAAI/1982/AAAI82-040.pdf,
40,1982,Problem Solving and Search,Error Detection and Recovery in a Dynamic Planning Environment,"Blake Ward, Gordon McCalla","In this paper a set of techniques for error detection and recovery is proposed. These techniques augment a planning system (the ELMER system) which already has many features for preventing execution errors but has few features for handling errors that can’t be prevented. The error handling techniques presented in this paper depend for their effectiveness on the close co-operation of the planning, execution and knowledge base components of the systeti, and especially make use of knowledge learned from the earlier execution of other plans.",https://aaai.org/Library/AAAI/1982/../../../Papers/AAAI/1982/AAAI82-041.pdf,
41,1982,Problem Solving and Search,Scenarios as an Aid to Planning,"Rajendra S. Wall, Edwina L. Rissland","In many complex domains full scale detailed solutions to problems -- plans and ways to implement them -- are not possible or practical. Rather than attempt to produce such detailed solutions, we propose an alternative of using scenarios: a set of ""snapshots"" of the future that outline possible courses of action, actions of foreign processes, and their consequences. In this paper, we present the scenario idea and discuss its use as an aid to tactical planning. We discuss an implementation of these ideas in a Tactical Assistant to aid planning in the errand running and conflict simulation game domains and present an example illustrative of its capabilities.",https://aaai.org/Library/AAAI/1982/../../../Papers/AAAI/1982/AAAI82-042.pdf,
42,1982,Problem Solving and Search,A Framework for Distributed Problem Solving,"Dave McArthur, Randy Steeb, Stephanie Cammarata",Situations in which several agents must interact to achieve goals present difficulties of coordination and cooperation not found in single-agent problem solving contexts. Techniques for coordination and cooperation required in group problem solving are not well understood because most AI models deal with cases in which problems are solved by a single agent. In this paper we present a framework for distributed problem solving that describes some of the expertise an agent working in a multi-agent environment must have. An application of the framework to the domain of air-traffic control is discussed. Here each aircraft is viewed as an agent that must cooperate with others to achieve a conflict-free plan.,https://aaai.org/Library/AAAI/1982/../../../Papers/AAAI/1982/AAAI82-043.pdf,
43,1982,Problem Solving and Search,PANDORA--A Program for Doing Commonsense Planning in Complex Situations,Joseph Faletti,"A planning program named PANDORA (Plan ANalyzer with Dynamic Organization, Revision, and Application) has been developed which creates plans in the common-sense domains of everyday situations and of a Unix** Consultant using hierarchical planning and meta-planning. PANDORA detects its own goals in an event-driven fashion, dynamically interleaving the creation, execution and revision of its plans.",https://aaai.org/Library/AAAI/1982/../../../Papers/AAAI/1982/AAAI82-044.pdf,
44,1982,Knowledge Representation,Competence in Knowledge Representation,"Ronald J. Brachman, Hector J. Levesque","The range of domains and tasks for ""knowledge-based systems"" has been expanding at a furious pace. As we move away from trivial domains, such as the ""blocks world,"" the demands on knowledge representation systems used by expert programs are becoming more extreme. For one thing, the domains themselves are getting so complex that specialized technical vocabularies are unavoidable; consequently, the issue of a system talking with un expert in his own language cannot be ignored. For another, tasks such as medical diagnosis, scene analysis, speech understanding, and game playing all have as a central feature an incrementally evolving model representing probably incomplete knowledge of part of the task domain. In this paper, we explore some of the impact of these two critical issues -- complexity and incompleteness -- on knowledge representation systems. We review some aspects of current representation research that offer a foundation for coping with these problems, and finally suggest a way of integrating these ideas into a powerful, practical knowledge representation paradigm.",https://aaai.org/Library/AAAI/1982/../../../Papers/AAAI/1982/AAAI82-045.pdf,
45,1982,Knowledge Representation,Knowledge Representation Languages and Predicate Calculus: How to Have Your Cake and Eat It Too,Charles Rich,"This paper attempts to resolve some of the controversy between advocates of predicate calcu1us and users of other knowledge representation languages by demonstrating that it is possible to have the key features of both in a hybrid system. An example is given of a recently implemented hybrid system in which a specialized planning language co-exists with its translation into predicate calculus. In this system, various kinds of reasoning required for a program understanding task are implemented at either the predicate calculus level or the planning language level, depending on which is more natural.",https://aaai.org/Library/AAAI/1982/../../../Papers/AAAI/1982/AAAI82-046.pdf,
46,1982,Knowledge Representation,A System for Reasoning About Time,Marc B. Vilain,"In this paper we describe the salient features of a new system for reasoning about time. The system represents time primarily -- though not exclusively -- in terms of intervals, and performs deductions on this representation. It has a mechanism for maintaining consistency in the representation and discovering the origin of inconsistencies. Further, its deduction mechanisms for intervals are easily extended to deal with time points. Finally, it embodies a simple and elegant scheme for reasoning about absolute dates.",https://aaai.org/Library/AAAI/1982/../../../Papers/AAAI/1982/AAAI82-047.pdf,
47,1982,Knowledge Representation,Circumscriptive Ignorance,Kurt Konolige,"In formal systems that reason about knowledge, inferring that an agent actually does not know a particular fact can be problematic. Collins [1] has shown that there are many different modes of reasoning that a subject can use to show that he is ignorant of something; some of these, for example, involve the subject reasoning about the limitations of his own information-gathering and memory abilities. This paper will consider a single type of inference about ignorance, which we call circumscriptive ignorance. We present a partial formalization of circumscriptive ignorance and apply it to the Wise Man Puzzle.",https://aaai.org/Library/AAAI/1982/../../../Papers/AAAI/1982/AAAI82-048.pdf,
48,1982,Knowledge Representation,Modeling Motion With Qualitative Process Theory,Kenneth D. Forbus,"Representing motion is an important part of Naive Physics. Previous qualitative models of motion were centered around the idea of Qualitative States. This paper discusses an alternative representation in terms of Qualitative Process Theory. Viewing motion as a process has several advantages, notably the ability to make more detailed inferences about dynamics and the ability to combine process descriptions to model more complex systems. After examining the relationship between Qualitative State and QP theory representations of motion, the utility of the QP representations are illustrated by analyzing an oscillator.",https://aaai.org/Library/AAAI/1982/../../../Papers/AAAI/1982/AAAI82-049.pdf,
49,1982,Knowledge Representation,Getting the Envisionment Right,Benjamin Kuipers,"The central component of commonsense reasoning about causality is the envisionment: a description of the behavior of a physical system that is derived from its structural description by qualitative simulation. Two problems with creating the envisionment are the qualitative representation of quantity and the detection of previously-unsuspected points of qualitative change. The representation presented here has the expressive power of differential equations, and the qualitative envisionment strategy needed for commonsense knowledge. A detailed example shows how it is able to detect a previously unsuspected point at which the system is in stable equilibrium.",https://aaai.org/Library/AAAI/1982/../../../Papers/AAAI/1982/AAAI82-050.pdf,
50,1982,Knowledge Representation,The QBKG System: Generating Explanations From a Non-Discrete Knowledge Representation,"Hans J. Berliner, David H. Ackley","The QBKG system produces critical analyses of possible moves for a wide variety of backgammon positions, using a hierarchically structurcd, non-discrete form of knowledge representation. This report compares discrete and continuous representations and reasoning systems, addressing issues of competence, robustness, and explainability. The QBKG system is described and demonstrated.",https://aaai.org/Library/AAAI/1982/../../../Papers/AAAI/1982/AAAI82-051.pdf,
51,1982,Knowledge Representation,PLANT/ds Revisited: Non-Homogeneous Evaluation Schema in Expert Systems,Carl T. Uhrik,"This paper describes several deficiencies of PLANT/ds, an expert system for the diagnosis of soybean diseases. This production system employs both human and machine derived rules. The rule application mechanism for both rule groups suffer from improper treatment of incomplete data. The problem is illustrated by several examples, and a solution is proposed. Implementation of a new version of PLANT on the empty expert system ADVISE is seen as the crux of future research.",https://aaai.org/Library/AAAI/1982/../../../Papers/AAAI/1982/AAAI82-052.pdf,
52,1982,Knowledge Representation,Inheritance of Statistical Properties,Neil C. Rowe,"Statistical aggregate properties (e.g. mean, maximum, mode) have not previously been thought to ""inherit"" between sets. But they do in a weak sense, and a collection of such ""weak"" information can be combined in a rule-based architecture to get stronger information.",https://aaai.org/Library/AAAI/1982/../../../Papers/AAAI/1982/AAAI82-053.pdf,
53,1982,Theorem Proving,Proof Methods in an Agenda-Based Natural-Deduction Theorem Prover,Mabry Tyson,"This note describes several methods of finding proofs used in APRVR, an agenda-based, natural-deduction theorem prover. APRVR retains a complete tree of all pending or completed goals and is able to choose the next goal to be processed from an agenda of pending goals. Through this mechanism some proof methods can be utilized that had been unavailable to an earlier prover that was not agenda-based. One approach allows information discovered in one path in an attempted proof to trigger a case split in another part of the attempted proof (NONLOCAL CASE SPLIT). Another procedure enables better handling of splitting a conjunction (AND-SPLIT) by making it possible to use more information in determining which conjunct should be split off first.",https://aaai.org/Library/AAAI/1982/../../../Papers/AAAI/1982/AAAI82-054.pdf,
54,1982,Theorem Proving,A Nonclausal Connection-Graph Resolution Theorem-Proving Program,Mark E. Stickel,"A new theorem-proving program, combining the use of non-clausal resolution and connection graphs, is described. The use of nonclausal resolution as the inference system eliminates some of the redundancy and unreadability of clause-based systems. The use of a connection graph restricts the search space and facilitates graph searching for efficient deduction.",https://aaai.org/Library/AAAI/1982/../../../Papers/AAAI/1982/AAAI82-055.pdf,
55,1982,AI Languages and Software,Multiple Inheritance in Smalltalk-80,"Alan H. Borning, Daniel H. H. Ingalls","Smalltalk classes may be arranged in hierarchies, so that a class can inherit the properties of another class. In the standard Smalltalk language, a class may inherit from only one other class. In this paper we describe an implementation of multiple inheritance in Smalltalk.",https://aaai.org/Library/AAAI/1982/../../../Papers/AAAI/1982/AAAI82-056.pdf,
56,1982,AI Languages and Software,GLISP: A High-Level Language for AI Programming,Gordon S. Novak Jr.,"GLISP is a high-level LISP-based language which is compiled into LISP using a knowledge base of object descriptions. Lisp objects and objects in AI representation languages are treated uniformly; this makes program code independent of the data representation used, and permits changes of representation without changing code. GLISP’s object description language provides a powerful abstract datatype facility which allows the structures and properties of objects to be dcscribcd. Reference to objects is permitted in an English-like syntax, including definite reference relative to the current context of the computation. Object-centered programming is supported. When interfaced to a hierarchical representation language, GLISP can perform inheritance at compile time, resulting in substantial performance improvements. In addition, a LISP structure can be specified as the way of implementing a class of objects in the representation language, making simple objects efficient in both time and storage.",https://aaai.org/Library/AAAI/1982/../../../Papers/AAAI/1982/AAAI82-057.pdf,
57,1982,Specialized Architecture for AI,DADO: A Tree-Structured Machine Architecture for Production Systems,"Salvatore J. Stolfo, David Elliot Shaw","DADO is a parallel tree-structured machine designed to provide highly significant performance improvements in the execution of large Production systems. The DADO machine comprises a large (on the order of a hundred thousand) set of processing elements (PE’s), each containing its own processor, a small amount (2K bytes, in the current design) of local random access memory, and a specialized I/O switch. The PE’s are interconnected to form a complete binary tree. This paper describes a general procedure for the parallel execution of production systems on the DADO machine, and outlines in general terms how this procedure can be extended to include commutative and multiple, independent production systems.",https://aaai.org/Library/AAAI/1982/../../../Papers/AAAI/1982/AAAI82-058.pdf,
58,1982,Cognitive Modeling,Toward Connectionist Parsing,"Steven Small, Gary Cottrell, Lokendra Shastri","The parsing of natural language is the product of dense interactions among various comprehension processes. We believe that traditional models have greatly underestimated the richness of these interactions. We propose a model for low-level parsing which is massively parallel, highly distributed, and highly connected. The model suggests a solution to the problem of word sense disambiguation which is psychologically plausible and computationally feasible. The paper outlines the general connectionist paradigm followed by a brief description of a three-level network to do parsing. Finally we trace through an example to illustrate the functioning of the model.",https://aaai.org/Library/AAAI/1982/../../../Papers/AAAI/1982/AAAI82-059.pdf,
59,1982,Cognitive Modeling,Why Do Children Misunderstand Reversible Passives? The CHILD Program Learns to Understand Passive Sentences,Mallory Selfridge,"As children learn language they initially misunderstand reversible passive sentences as if they were active sentences. This error is an important clue to possible mechanisms by which children learn to understand passives in general. This paper reports on how the CHILD program learns to understand passive sentences, initially misunderstanding reversible passives as it does so. It presents an explanation of children’s performance based on CHILD, and presents a number of predictions which follow from this explanation.",https://aaai.org/Library/AAAI/1982/../../../Papers/AAAI/1982/AAAI82-060.pdf,
60,1982,Cognitive Modeling,Learning by Chunking: Summary of a Task and a Model,"Paul S. Rosenbloom, Allen Newell","The power law of practice states that performance on a task improves as a power-law function of the number of times the task has been performed. In this article we describe recent work on a model of this effect. The model, called the chunking theory of learning, is based on the notion of chunking. A limited version of this model has been implemented within the Xaps2 production system architecture. When it is applied to a 1023-choice reaction-time task (encoded as a set of productions), task performance is improved (measured in terms of the number of production system cycles). Moreover, the practice curves are power law in form.",https://aaai.org/Library/AAAI/1982/../../../Papers/AAAI/1982/AAAI82-061.pdf,
61,1982,Cognitive Modeling,Route Finding in Street Maps by Computers and People,"R. J. Elliott, M. E. Lesk","We wrote a computer program which gives driving directions in northern New Jersey. Its data base combines a street map and a tele- phone book, so requests like ""give directions from the Lackawanna Diner to the nearest dry cleaner"" (properly specified) can be answered. This problem involves both human factors and algorithmic problems. From the human factors standpoint, what kind of route is best: shortest distance, most concise directions, fewest turns, or some combination of these? And from the algorithmic standard, what is a good shortest-path algorithm: breadth-first search, depth-first search, pre-storing important routes, divide and conquer, or keep a hierarchy of maps with progressively fewer streets? We implemented breadth-first and depth-first search both single-ended and double-ended. Double-ended search was faster in 14 of 16 examples and produced shorter or equal length routes in 13 of 16. Depth-first search was always faster than breadth-first, and produced shorter routes half the time. We also asked eight subjects for directions on 4 maps. The 32 tries at 4 problems produced 22 different routes. People’s strategies typically include finding main roads, and applying divide-and-conquer as well as depth-first search. But it is difficult to characterize the experimental subjects, since different problems caused them to try different search algorithms.",https://aaai.org/Library/AAAI/1982/../../../Papers/AAAI/1982/AAAI82-062.pdf,
62,1982,Cognitive Modeling,"Plan Understanding, Narrative Comprehension, and Story Schemas",William F. Brewer,"This paper proposes that a comprehensive theory of stories must include components that deal with: (a) plan understanding, (b) narrative comprehension, and (c) the unique structural and affective aspects of the subclass of narratives that are stories.",https://aaai.org/Library/AAAI/1982/../../../Papers/AAAI/1982/AAAI82-063.pdf,
63,1982,Cognitive Modeling,Affect Processing for Narratives,Michael G. Dyer,"This paper presents a theory of AFFECT processing in the context of BORIS [Dyer, 1982] [Dyer, 1981a], a computer program designed to read and answer questions about complex narratives. Here, ""complex"" entails the coordination, application and search of many distinct sources of knowledge during both comprehension and question answering. This paper concentrates only on those structures and processes which interact with affect situations. The affect component in BORIS is not a separate module, but rather a series of structures and processes which arise as various lexical items are encountered during narrative comprehension and question answering [Dyer, 198lb].",https://aaai.org/Library/AAAI/1982/../../../Papers/AAAI/1982/AAAI82-064.pdf,
64,1982,Cognitive Modeling,On Being Contradictory,Margot Flowers,"This paper discusses recognizing and producing contradictions. After illustrating the phenomena of contradiction, the paper presents conceptual classes of contradiction and gives an overview of the how they can be recognized. The next part discusses the construction of contradictions, in particular with respect to contradicting historic events. The object of this paper is to examine the computational logic of contradictions, using contradictions as an example of how reasoning processes can and must exploit semantic knowledge and episodic memory, and to illustrate the kind of metaknowledge needed to use certain reasoning devices correctly and effectively.",https://aaai.org/Library/AAAI/1982/../../../Papers/AAAI/1982/AAAI82-065.pdf,
65,1982,Cognitive Modeling,The Role of Experience in Development of Expertise,Janet L. Kolodner,"Perhaps the most distinguishing feature of an expert is that when given a novel problem to solve in his or her domain of expertise, the expert can solve the problem easily. Novices, on the other hand, are good at dealing with typical problems or ""classic"" cases, but not novel problems. In people, the evolution from novice to expert happens as a result of being able to introspect and examine the knowledge used in solving problems. That introspection and examination allows people to learn from experience. A human expert can interpret a new case in terms of something (either a previous case or generalized knowledge) he is already familiar with. This implies that as an expert is having new experiences, he is evaluating and understanding them in terms of past experiences. In the process, he is integrating the new experience into his memory so that it too will be accessible to use in understanding a later case.",https://aaai.org/Library/AAAI/1982/../../../Papers/AAAI/1982/AAAI82-066.pdf,
66,1982,Computer Systems and Engineering,Diagnosis Using Hierarchical Design Models,Michael G. Genesereth,"This paper presents a new algorithm for the diagnosis of computer hardware faults. The algorithm uses a general inference procedure to compute suspect components and generate discriminatory tests from information about the design of the device being diagnosed. In the current implementation this procedure is linear-input resolution, guided by explicit meta-level control rules. The algorithm exploits the hierarchy inherent in most computer system designs to diagnose systems a level at a time. In this way the number of parts under consideration at any one time is kept small, and the cost of test generation remains manageable.",https://aaai.org/Library/AAAI/1982/../../../Papers/AAAI/1982/AAAI82-067.pdf,
67,1982,Computer Systems and Engineering,The CRITTER System: Analyzing Digital Circuits by Propagating Behaviors and Specifications,"Van E. Kelly, Louis I. Steinberg","CRITTER is a system that reasons about digital hardware designs, using a a declarative representation that can represent components and signals at arbitrary levels of abstraction. CRITTER can derive the behaviors of a component’s outputs given the behaviors of the inputs. It can derive the specifications a component’s inputs must meet in order for some given specifications on the outputs to be met, and it can verify that a given signal behavior satisfies a given specification. By combining these operations, it evaluates both the correctness and the robustness of the overall design.",https://aaai.org/Library/AAAI/1982/../../../Papers/AAAI/1982/AAAI82-068.pdf,
68,1982,Computer Systems and Engineering,IDT: An Intelligent Diagnostic Tool,"Hal Shubin, John Wade Ulrich","IDT is an intelligent hardware diagnostic tool that has been successfully used to identify faults in PDP 11/03 computers. It selects and executes tests, and interprets the results. IDT is able to modify its test selection strategy on the basis of results of previous tests as well as opinions offered to it by the user. Symbolic formulas are used to represent the relationship between the test results and the broken equipment. If we assume that there is only one broken component, then set operations can be shown to be sufficiently general for combining the results of multiple tests.",https://aaai.org/Library/AAAI/1982/../../../Papers/AAAI/1982/AAAI82-069.pdf,
69,1982,Computer Systems and Engineering,REACTOR: An Expert System for Diagnosis and Treatment of Nuclear Reactor Accidents,William R. Nelson,"REACTOR is an expert system under development at EG&G Idaho, Inc., that will assist operators in the diagnosis and treatment of nuclear reactor accidents. This paper covers the background of the nuclear industry and why expert system technology may prove valuable in the reactor control room. Some of the basic features of the REACTOR system are discussed, and future plans for validation and evaluation of REACTOR are presented. The concept of using both event-oriented and function-oriented strategies for accident diagnosis is discussed. The response tree concept for representing expert knowledge is also introduced.",https://aaai.org/Library/AAAI/1982/../../../Papers/AAAI/1982/AAAI82-070.pdf,
70,1982,Computer Systems and Engineering,A CSA Model-Based Nuclear Power Plant Consultant,W. E. Underwood,"An experimental computer-based nuclear power plant consultant is described. The inference procedures interpret observations of a particular plant situation in terms of a commonsense algorithm network model that characterizes the normal and abnormal events of a pressurized water reactor plant. This paper discusses the knowledge and control structures, and illustrates the operation of the system with situations from the accident at Three Mile Island.",https://aaai.org/Library/AAAI/1982/../../../Papers/AAAI/1982/AAAI82-071.pdf,
71,1982,Knowledge/Databases,Knowledge Management: A Practical Amalgam of Knowledge and Data Base Technology,Charles Kellogg,"This paper describes the central features of a system designed for the management of large amounts of application specific knowledge. The Knowledge Manager (KM-I) employs distinct software and hardware processors to implement: 1) A file of general knowledge and an associated reasoning engine, and 2) A file of specific knowledge and an associated searching engine. We present our reasons for believing why this can be an effective strategy for realizing many practical knowledge based/expert system applications that lie in a large overlapping area between practical AI and advanced data management technology. We then outline the major features and components of the system and discuss the range of intended applications.",https://aaai.org/Library/AAAI/1982/../../../Papers/AAAI/1982/AAAI82-072.pdf,
72,1982,Knowledge/Databases,Removing Restrictions in the Relational Data Base Model: An Application of Problem Solving Techniques,"Laurent Siklóssy, Jean-Louis Laurière","The principal restrictions previously placed on the relational data base model have been removed in the L2 model presented here. We extend the model to include null (i.e. unknown and non-relevant) values (even in keys), repetitions of tuples, functional dependencies, a very rich set of constraints and information originating from several sources. The programmed problem-solver ALICE is utilized to manipulate the constraints and to simplify relations: to answer a query, ALICE selects both the tuples which might answer the query upon appropriate substitutions for unknown values.",https://aaai.org/Library/AAAI/1982/../../../Papers/AAAI/1982/AAAI82-073.pdf,
73,1982,Knowledge/Databases,RABBIT: An Intelligent Database Assistant,"Frederich N. Tou, Michael D. Williams, Richard Fikes, Austin Henderson, Thomas Malone","We have designed and implemented an intelligent database assistant to aid the user in formulating a query. The system, named RABBIT, relies upon a new paradigm for retrieval, retrieval by reformulation, based on a psychological theory of human remembering. To make a query, the user interactively constructs a description of his target item(s) by criticizing successive example (and counterexample) instances. One of the key innovations in RABBIT is that instances from the database are presented to the user from a well-defined perspective inferred from the user’s query description and the structure of the knowledge base. Among other things, this constructed perspective prevents the user from creating semantically improper query descriptions. RABBIT particularily facilitates users who approach a database with only a vague idea of what it is that they want and who thus, need to be guided in the (re)formulation of their queries. RABBIT is also of substantial value to casual users who have limited knowledge of a given database or who must deal with a multitude of databases.",https://aaai.org/Library/AAAI/1982/../../../Papers/AAAI/1982/AAAI82-074.pdf,
74,1982,Knowledge/Databases,Expert Systems: A User’s Perspective of Some Current Tools,Susan P. Ennis,"The purpose of this paper is to report on one user’s experience with several of the software tools for building an expert system. To the best of the author’s knowledge, this is the first time a number of different expert system building tools have been applied to a single problem by a single analyst. A similar single problem/different tool experiment was performed at the Expert Systems Workshop in 1980, but each tool was used by its own proponents on the given problem.",https://aaai.org/Library/AAAI/1982/../../../Papers/AAAI/1982/AAAI82-075.pdf,
75,1982,Knowledge/Databases,Building Expert Systems for Controlling Complex Programs,"Sholom Weiss, Casimir Kulikowski, Chidanand Apté, Michael Uschold, Jay Patchett, Robert Brigham, Belynda Spitzer","Production rule schemes have proven quite effective in concisely representing expert knowledge in several application areas. Yet, there are many problems for which one would like to take advantage of additional knowledge that may not be easily represented in these surface level models. One class of problems of particular practical interest are those in which we would like to have a computer-based system give interactive advice on how to control and interpret results from a set of complex and interrelated applications programs. The advice may refer to interpretations of current results, possible experiments that should be performed with the help of the applications programs, and indications of inconsistencies in specific analytical procedures and in problem solving sequences followed by the user. In the present paper we report on our experiences in designing an expert system (ELAS), of the type described above, for well log analysis in oil exploration and production. We have integrated a production rule advice model (using the EXPERT system) with existing Amoco software for well-log analysis and display. In doing so, the original system for well-log analysis was reorganized so that its use could be monitored and controlled, and its knowledge structured according to the types and sequences of methods used by expert analysts. By varying the assumptions and parameters used in the different individual analyses, our goal is to make available interactive interpretations of the alternative approaches that an expert might take to a complex problem of well-log analysis.",https://aaai.org/Library/AAAI/1982/../../../Papers/AAAI/1982/AAAI82-076.pdf,
76,1982,Knowledge/Databases,Frame-Based Computer Network Monitoring,Lawrence A. Stabile,"This paper describes an application of FRL to the monitoring of a large computer network. The design utilizes frame models for the network domain and a general graphics system, and a method for coupling the two domains by analogy creation and maintenance. We also explore the use of heuristics to control the selection of viewable descriptions, at their various abstraction levels and sizes. An ultimate goal of the project is to provide a convenient means for developers to create new graphic descriptions of the domain, without worry as to size of the description, and allow the heuristics to decide how and when the descriptions should be placed on the screen.",https://aaai.org/Library/AAAI/1982/../../../Papers/AAAI/1982/AAAI82-077.pdf,
77,1982,Knowledge/Databases,SWIRL: An Object-Oriented Air Battle Simulator,"Philip Klahr, David McArthur, Sanjai Narain",We describe a program called SWIRL designed for simulating military air battles between offensive and defensive forces. SWIRL is written in an object-oriented language (ROSS) where the knowledge base consists of a set of objects and their associated behaviors. We discuss some of the problems we encountered in designing SWIRL and present our approaches to them.,https://aaai.org/Library/AAAI/1982/../../../Papers/AAAI/1982/AAAI82-078.pdf,
78,1982,Knowledge/Databases,Plan Recognition Strategies in Student Modeling: Prediction and Description,"Bob London, William J. Clancey","This paper describes the student modeler of the GUIDON2 tutor, which understands plans by a dual search strategy. It first produces multiple predictions of student behavior by a model-driven simulation of the expert. Focused, data-driven searches then explain incongruities. By supplementing each other, these methods lead to an efficient and robust plan understander for a complex domain.",https://aaai.org/Library/AAAI/1982/../../../Papers/AAAI/1982/AAAI82-079.pdf,
79,1982,Knowledge/Databases,An Expert System That Volunteers Advice,"Jeff Shrager, Tim Finin",This paper describes the design and implementation of an expert system that provides novice users with help in using the Vax/VMS operating system. The most interesting feature of our advisor is that it follows the user’s interactions with the system and volunteers its help when it believes that the user would benefit from advice. The user need not ask for help or raise an error condition. The adivsor recognizes correct yet inefficient command sequences and helps the beginner become more proficient by indicating how these tasks may be done more efficiently.,https://aaai.org/Library/AAAI/1982/../../../Papers/AAAI/1982/AAAI82-080.pdf,
80,1982,Knowledge/Databases,SPEX: A Second-Generation Experiment Design System,"Yumi Iwasaki, Peter Friedland","The design of laboratory experiments is a complex and important scientific task. The MOLGEN project has been developing computer systems for automating the design process in the domain of molecular biology. SPEX is a second-generation system which synthesizes the best ideas of two previous MOLGEN hierarchical planning systems: stepwise refinement of skeletal plans and a layered control structure. It has been tested successfully on several problems in the task domain and promises to serve as a testbed for future work in explanation, experiment debugging, and empirical evaluation of different basic design strategies.",https://aaai.org/Library/AAAI/1982/../../../Papers/AAAI/1982/AAAI82-081.pdf,
81,1982,Medical,Information Acquisition in Diagnosis,"Ramesh S. Patil, Peter Szolovits, William B. Schwartz, M.D.","We argue that the question selection processes used in the existing AI in Medicine programs are inadequate. We trace these inadequacies to their use of purely surface level models of disease and to the lack of planning in sequencing their inquiries. We then describe the information gathering component of ABEL, (a program for Acid-Base and Electrolyte disturbances) with emphasis on its use of a causal model of a patient’s illness in guiding its diagnostic inquiries.",https://aaai.org/Library/AAAI/1982/../../../Papers/AAAI/1982/AAAI82-082.pdf,
82,1982,Medical,Deep Versus Compiled Knowledge Approaches to Diagnostic Problem-Solving,"B. Chandrasekaran, Sanjay Mittal","In this paper we argue that given a body of underlying knowledge that is relevant to diagnostic reasoning in a medical domain, it is possible to create a diagnostic structure which has all the relevant aspects of the underlying knowledge ""compiled"" into it in such a way that all the diagnostic problems in its scope can be solved efficiently, without, generally speaking, any need to access the underlying structures. We indicate what such a diagnostic structure might look like by reference to our medical diagnostic system MDX. We also analyze the role of these knowledge structures in providing explanations of diagnostic reasoning.",https://aaai.org/Library/AAAI/1982/../../../Papers/AAAI/1982/AAAI82-083.pdf,
83,1982,Medical,Induction of Causal Relationships From a Time-Oriented Clinical Database: An Overview of the RX Project,Robert L. Blum,"The RX computer program examines a time-oriented clinical database and attempts to derive a set of (possibly) causal relationships. First, a Discovery Module uses lagged, nonparametric correlations to generate an ordered list of tentative relationships. Second, a Study Module uses a small knowledge base (KB) of medicine and statistics to create a study design to control for known confounders. The study design is then executed by an on-line statistical package, and the results are automatically incorporated into the KB as a machine-readable record. In determining the confounders of a new hypothesis the Study Module uses previously ""learned"" causal relationships.",https://aaai.org/Library/AAAI/1982/../../../Papers/AAAI/1982/AAAI82-084.pdf,
84,1982,Medical,User Participation in the Reasoning Processes of Expert Systems,"Martha E. Pollack, Julia Hirschberg, Bonnie Webber","We argue that expert systems, if they are to satisfy the legitimate needs of their users, must include dialogue capabilities as sophisticated as those proposed in current Natural Language research. In particular they must allow the user to direct the flow of the dialogue and must take into account the user’s goals and expectations both in analyzing the user’s statements and in providing appropriate responses. Our claims are corroborated by an analysis of transcripts of a ""naturally occurring"" expert system, a radio talk show in which callers ask an expert for financial advice. We present data demonstrating that user-expert dialogues are best viewed as a negotiation process, and we describe the exchanges that compose the dialogue in terms of the motivations, goals, strategies, and moves of the participants.",https://aaai.org/Library/AAAI/1982/../../../Papers/AAAI/1982/AAAI82-085.pdf,
85,1982,Medical,Toward a Learning of Object Models Using Analogical Objects and Verbal Instruction,"Norihiro Abe, Fumihide Itoh, Saburo Tsuji","In this paper an attempt of analogical learning method by verbalism is shown in order to create a model for an identification of unknown objects. When we expect a computer to recognize objects, the models of them must be given to it, however there are cases where some objects may not be matched to the models or there is no model with which object is compared. At that time, this system can augment or create new descriptions by making use of explicit verbal instructions.",https://aaai.org/Library/AAAI/1982/../../../Papers/AAAI/1982/AAAI82-086.pdf,
86,1982,Medical,An Overview of ONIX,"David Barstow, Roger Duffey, Stephen Smoliar, Stanley Vestal","ONIX is an automatic programming system being developed for use by petroleum scientists who may not be knowledgable about computers. As a first step, a system has been implemented to assist in the trial-and-error process of developing new models and techniques for quantitative interpretation of well logs. The user interface exploits graphical techniques to enable petroleum scientists to describe their models in the natural concepts of the domain. The resulting specification can be implemented in any of several different target languages. The system is in active use by petroleum scientists, who find that it has significantly reduced the time to get feedback on hypothesized models.",https://aaai.org/Library/AAAI/1982/../../../Papers/AAAI/1982/AAAI82-087.pdf,
87,1982,Medical,ARBY: Diagnosis With Shallow Causal Models,"Drew McDermott, Ruven Brooks","Arby is a software system or higher order language for writing expert systems to do diagnosis in electronic systems. As such, it is similar to EMYCIN (Van Melle 1982) in application, but quite different in design. It is rule-based to an extent, but the rules are written in predicate calculus. It resembles Caduceus (Pople 1977) in its mechanisms for refining and combining hypotheses.",https://aaai.org/Library/AAAI/1982/../../../Papers/AAAI/1982/AAAI82-088.pdf,
88,1982,Medical,Graphical Animation From Knowledge,Daniel Neiman,A system is described which produces explanatory animation sequences for a small CAD system. The animation is data-driven from a scriptal knowledge structure describing the user-system interaction for a given design operation. The use of a unified data representation scheme results in the potential to generate animation in coordination with natural language output from an existing knowledge-based system.,https://aaai.org/Library/AAAI/1982/../../../Papers/AAAI/1982/AAAI82-089.pdf,
89,1982,Robotics,The CMU Rover,Hans P. Moravec,"An advanced camera-equipped mobile robot is being built at the CMU Robotics Institute to support research in control, perception, planning and related issues. It will be used initially to continue and extend visual navigation work (the Cart Project) completed in 1981 at Stanford’s AI Lab, but is designed with mechanical, sensor and controller flexibility which should permit it to support a wide variety of other efforts.",https://aaai.org/Library/AAAI/1982/../../../Papers/AAAI/1982/AAAI82-090.pdf,
90,1982,Robotics,Solving the Find-Path Problem by Good Representation of Free Space,Rodney A. Brooks,Free space is represented as a union of (possibly overlapping) generalized cones. An algorithm is presented which efficiently finds good collision free paths for convex polygonal bodies through space Iittered with obstacle polygons. The paths are good in the sense that the distance of closest approach to an obstacle over the path is usually far from minimal over the class of topologically equivalent collision free paths. The algorithm is based on characterizing the volume swept by a body as it is translated and rotated as a generalized cone and determining under what conditions one generalized cone is a subset of another.,https://aaai.org/Library/AAAI/1982/../../../Papers/AAAI/1982/AAAI82-091.pdf,
91,1982,Robotics,Final Position Control in Planar Horizontal Arm Movements,Jonathan Delatizky,"Simplified control strategies based on the concept of ""Final Position Control"" for free reaching movements of the human upper limb have been simulated in a model incorporating six lumped muscles. The resulting movement repertoires bear some resemblance to normal human movements, but do not provide a complete explanation for observed behavior. The significance of these findings are discussed, and some implications for manipulator control are suggested.",https://aaai.org/Library/AAAI/1982/../../../Papers/AAAI/1982/AAAI82-092.pdf,
92,1982,Robotics,Development of an Overall Direction-of-Action Sensor for Robots,Tokuji Okada,"Development of an optical sensor for measuring overall direction-of-action is treated. The measurement principle is based on distortions found in the projected image of a ball moving freely in a spherical vessel under the influence of the acceleration of gravity and motion. The measurement is carried out in a static condition. Thus, the sensor output stands for the direction of the gravitational field. Experimental results are presented to show that the angular errors are within 12 degrees for the overall direction. This sensor can be widely applied for measuring angular variations from the direction of the gravitational field.",https://aaai.org/Library/AAAI/1982/../../../Papers/AAAI/1982/AAAI82-093.pdf,
93,1982,Robotics,An Efficient Collision Warning Algorithm for Robot Arms,E. Gordon Powell,A hashing technique is used as an arm collision warning algorithm for two armed robots which can be expected to be a factor 103 more efficient in memory resources than a direct geometrical calculation. Computational savings are also achieved.,https://aaai.org/Library/AAAI/1982/../../../Papers/AAAI/1982/AAAI82-094.pdf,
94,1982,Robotics,Stability of Automatic Guidance for a Mobile Robot,L. Y. Shih,"A control law for the automatic guidance is proposed in this paper as if each obstacle exerts upon the mobile robot a repulsion, which varies inversely with the distance between the robot and the obstacle, and becomes infinite as the robot approaches the obstacle. Stability of the automatic guidance is studied when the mobile robot deviates from the ideal path. The results lead to criteria of selecting control parameters for better guidance.",https://aaai.org/Library/AAAI/1982/../../../Papers/AAAI/1982/AAAI82-095.pdf,
95,1982,Program Synthesis and Understanding,Using Temporal Abstraction to Understand Recursive Programs Involving Side Effects,"Joachim Laubsch, Marc Eisenstadt","This paper develops the notion of temporal abstraction, used originally for the automatic understanding of looping constructs, to account for a class of recursive programs involving side effects upon a relational data base. The programs may involve compositions of several side effects, and these side effects can occur either during descent or upon ascent from recursive calls.",https://aaai.org/Library/AAAI/1982/../../../Papers/AAAI/1982/AAAI82-096.pdf,
96,1982,Program Synthesis and Understanding,GIST English Generator,Bill Swartout,"This paper describes a prototype English generator which can produce English descriptions of program specifications written in Gist, a program specification language being developed at ISI. Such a facility is required because although Gist is a high level specification language, specifications written in it, like those in all other formal specification languages, are unreadable. There are several reasons for this unreadability: strange syntax; redundancy elimination; lack of thematic structure; implicit remote interactions; no representation of the motivation or rationale behind the specification; and a strict reliance on textual presentation. The current generator deals with the first two problems and part of the third. Our plans for dealing with the rest are outlined after a description of the current generator.",https://aaai.org/Library/AAAI/1982/../../../Papers/AAAI/1982/AAAI82-097.pdf,
97,1982,Knowledge Acquisition,Automatic Schema Acquisition in a Natural Language Environment,Gerald DeJong,"This paper outlines an approach to schema acquisition. The approach, called explanatory schema acquisition is applicable in problems solving situations and is heavily knowledge-based. Basically, learning is viewed as a fundamental part of the understanding process. Understanding a situation for which there is no existing schema involves generalizing the new event into a nascent schema. The new schema is then available to aid in future processing and can be further refined via that processing. This approach to learning is unique in several respects: it is not inductive and so is capable of one trial learning, it does not depend on failures to drive the learning process, and it is incremental and learns comparatively slowly. The learning procedure is outlined briefly with an example, a taxonomy of situations involving explanatory schema acquisition is given, and there is a brief discussion on the scope of the learning mechanism.",https://aaai.org/Library/AAAI/1982/../../../Papers/AAAI/1982/AAAI82-098.pdf,
98,1982,Knowledge Acquisition,Acquisition of Appropriate Bias for Inductive Concept Learning,"Paul E. Utgoff, Tom M. Mitchell","Current approaches to inductive concept learning suffer from a fundamental difficulty; if a fixed language is chosen in which to represent concepts, then in cases where that language is inappropriate, the new concept may be impossible to describe (and therefore to learn). We suggest a framework for automatically extending the language in which concepts are to be expressed. This framework includes multiple sources of knowledge for recommending plausible language extensions.",https://aaai.org/Library/AAAI/1982/../../../Papers/AAAI/1982/AAAI82-099.pdf,
99,1982,Theoretical Foundations,Circumscription Implies Predicate Completion (Sometimes),Raymond Reiter,"Predicate completion is an approach to closed world reasoning which assumes that the given sufficient conditions on a predicate are also necessary. Circumscription is a formal device characterizing minimal reasoning i.e. reasoning in minimal models, and is realized by an axiom schema. The basic result of this paper is that for first order theories which are Horn in a predicate P, the circumscription of P logically implies P’s completion axiom.",https://aaai.org/Library/AAAI/1982/../../../Papers/AAAI/1982/AAAI82-100.pdf,
100,1982,Theoretical Foundations,Monitors as Responses to Questions: Determining Competence,Eric Mays,This paper discusses the application of a propositional temporal logic to determining the competence of a monitor offer as an extended response by a question-answering system. Determining monitor competence involves reasoning about the possibility of some future state given a description of the current state and possible transitions.,https://aaai.org/Library/AAAI/1982/../../../Papers/AAAI/1982/AAAI82-101.pdf,
101,1982,Theoretical Foundations,A Systematic Approach to Continuous Graph Labeling With Application to Computer Vision,"M. D. Diamond, N. Narasimhamurthi, S. Ganapathy","The discrete and continuous graph labeling problem are discussed. A basis for the continuous graph labeling problem is presented, in which an explicit connection between the discrete and continuous problems is made. The need for this basis is argued by noting conditions which must be satisfied before solutions can be pursued in a formal manner. Several cooperative solution algo- rithms based on the proposed formulation and results of the application of these algorithms to the problem of extracting line drawings are presented.",https://aaai.org/Library/AAAI/1982/../../../Papers/AAAI/1982/AAAI82-012.pdf,
102,1982,Theoretical Foundations,The Role of Logic in Knowledge Representation and Commonsense Reasoning,Robert C. Moore,"This paper examines the role that formal logic ought to play in representing and reasoning with commonsense knowledge. We take issue with the commonly held view (as expressed by Newell [1980]) that the use of representations based on formal logic is inappropriate in most applications of artificial intelligence. We argue to the contrary that there is an important set of issues, involving incomplete knowledge of a problem situation, that so far have been addressed only by systems based on formal logic and deductive inference, and that, in some sense, probably can be dealt with only by systems based on logic and deduction. We further argue that the experiments of the late 1960s on problem-solving by theorem-proving did not show that the use of logic and deduction in AI systems was necessarily inefficient, but rather that what was needed was better control of the deduction process, combined with more attention to the computational properties of axioms.",https://aaai.org/Library/AAAI/1982/../../../Papers/AAAI/1982/AAAI82-103.pdf,
103,1982,Theoretical Foundations,Foundations of Envisioning,"Johan de Kleer, John Seely Brown","This paper explores a particular kind of qualitative reasoning, called envisioning, that is capable of producing causal explanations for device behavior. It has been implemented in a computer program, ENVISION, which can analyze a wide variety of thermal, fluid, electrical, translational and rotational devices. Rather than present the technical details of the envisioning process, this paper examines the theoretical foundations upon which it is built. Many of these considerations are ones that any builder of qualitative reasoning systems must pay attention to. Two such considerations are explanation and robustness: What notion of causality is adequate for causal explanations of device behavior? How can there be any confidence in the analysis of a novel device?",https://aaai.org/Library/AAAI/1982/../../../Papers/AAAI/1982/AAAI82-104.pdf,
